Title,Price,ImageURL
Classroom Headphones Bulk 5 Pack Student On Ear Color Varieties Comfy Swivel Earphones for Library School Airplane Kids for Online Learning and Travel Noise Stereo Sound 3.5mm Jack (Black),37.97,https://m.media-amazon.com/images/I/711-gbTVVyL._AC_UY218_.jpg
Classroom Headphones-Bulk 10-Pack Student On Ear Comfy Swivel Earphones for Library School Airplane Kids-for Online Learning and Travel HQ Stereo Sound 3.5mm Jack (mixed Colors),69.97,https://m.media-amazon.com/images/I/71Ts0Nvh4CL._AC_UY218_.jpg
OneOdio A70 Bluetooth Over Ear Headphones Wireless Headphones w/ 72H Playtime Hi-Res 3.5mm/6.35mm Wired Audio Jack for Studio Monitor & Mixing DJ Guitar AMP Computer Laptop PC Tablet - Black,44.88,https://m.media-amazon.com/images/I/71lPvenXPLL._AC_UY218_.jpg
iClever Kids Headphones for School Travel Safe Volume 85/94dB HD Mic Stereo Sound Over-Ear Girls Boys Headphones for Kid FunShare Foldable 3.5mm Wired Kids Headphones for iPad Computer HS19,16.99,https://m.media-amazon.com/images/I/713nNpDyIhL._AC_UY218_.jpg
Raycon Everyday Wireless Bluetooth Over Ear Headphones with Active Noise Cancelling Awareness Mode and Built in Microphone IPX 4 Water Resistance 38 Hours of Battery Life (Frost White),99.99,https://m.media-amazon.com/images/I/61AYnIQKzbL._AC_UY218_.jpg
Bluetooth Wireless Headphones Over EarBERIBES 65H Playtime and 6 EQ Music Modes with Microphone HiFi Stereo Foldable Lightweight Headset Deep Bass for Home Office Cellphone PC Etc.(Pink),28.99,https://m.media-amazon.com/images/I/610ub5kytVL._AC_UY218_.jpg
Amazon Basics Bluetooth Wireless On Ear Headphones with Microphone 35 Hour Playtime Foldable One Size Black,28.49,https://m.media-amazon.com/images/I/712wyKsNmML._AC_UY218_.jpg
Audio-Technica ATH-M50X Professional Studio Monitor Headphones Black Professional Grade Critically Acclaimed with Detachable Cable,129.00,https://m.media-amazon.com/images/I/81v8UeBnyeL._AC_UY218_.jpg
JBL Tune 720BT - Wireless Over-Ear Headphones with JBL Pure Bass Sound Bluetooth 5.3 Up to 76H Battery Life and Speed Charge Lightweight Comfortable and Foldable Design (Black),69.95,https://m.media-amazon.com/images/I/61EL2AKKcBL._AC_UY218_.jpg
Soundcore Anker Life Q20 Hybrid Active Noise Cancelling Headphones Wireless Over Ear Bluetooth Headphones 60H Playtime Hi-Res Audio Deep Bass Memory Foam Ear Cups for Travel Home Office,54.99,https://m.media-amazon.com/images/I/71lkV4JmwBL._AC_UY218_.jpg
Bone Conduction Headphones Premium Open-Ear Wireless Bluetooth Sport Headphones with Microphones Sweatproof Waterproof Wireless Earphones for Running Gym Hiking Cycling,29.99,https://m.media-amazon.com/images/I/51SbuaUP4nL._AC_UY218_.jpg
AILIHEN Headphones Wired with Microphone & Volume Control Over-ear Foldable Noise Isolation Headsets 3.5mm for Teens Adult (Grey),26.99,https://m.media-amazon.com/images/I/71v1exLMEwL._AC_UY218_.jpg
JBL Tune Flex - True Wireless Noise Cancelling Earbuds (Black) Small,49.95,https://m.media-amazon.com/images/I/61joErBxERL._AC_UY218_.jpg
KVIDIO [Updated Bluetooth Headphones Over Ear 65 Hours Playtime Wireless Headphones with MicrophoneFoldable Lightweight Headset with Deep BassHiFi Stereo Sound for Travel Work Cellphone,19.98,https://m.media-amazon.com/images/I/71Hx8b6HGbL._AC_UY218_.jpg
Bone Conduction Headphones Wireless Headphones Bluetooth 5.3 Open Ear Headphones 10H Playtime Sports Earphones with Mic IPX6 Waterproof Headset for RunningCycling Hiking Driving,24.99,https://m.media-amazon.com/images/I/61r6ASLBNBL._AC_UY218_.jpg
Bone Conduction Headphones 2024 Upgrade Open-Ear Wireless Bluetooth Workout Headphones with Microphones 8Hr Playtime Waterproof Earphones for Sports Running Gym Hiking Cycling,39.99,https://m.media-amazon.com/images/I/51-nx776TBL._AC_UY218_.jpg
LY2 Neckband Headphones Adaptive Noise Cancelling Earbuds 44dB Depth ANC With 4 Mode Unique Patented Design For All-Day Comfort Hi-Res Audio Sound 50H Playtime Bluetooth 5.3 5 ENC Mics,77.80,https://m.media-amazon.com/images/I/61RtgHpz5aL._AC_UY218_.jpg
TOZO HT2 Hybrid Active Noise Cancelling Headphones Wireless Over Ear Bluetooth Headphones 60H Playtime Hi-Res Audio Custom EQ via App Deep Bass Comfort Fit Ear Cups for Home Office Travel,49.99,https://m.media-amazon.com/images/I/71r8yUTZQnL._AC_UY218_.jpg
Skullcandy Crusher Evo Over-Ear Wireless Headphones with Sensory Bass with Charging Cable 40 Hr Battery Microphone Works with iPhone Android and Bluetooth Devices - Black,99.88,https://m.media-amazon.com/images/I/71TUN83nVfL._AC_UY218_.jpg
OneOdio A71 Hi-Res Studio Recording Headphones - Wired Over Ear Headphones with SharePort Professional Monitoring Mixing Foldable Headset with Stereo Sound 3.5/6.35MM Jack for PC Computer DJ Guitar,32.99,https://m.media-amazon.com/images/I/71qyVwRS7VL._AC_UY218_.jpg
Soundcore by Anker Life Q30 Hybrid Active Noise Cancelling Headphones with Multiple Modes Hi-Res Sound Custom EQ via App 40H Playtime Comfortable Fit Bluetooth Multipoint Connection,79.99,https://m.media-amazon.com/images/I/515tntDehmL._AC_UY218_.jpg
18 Pack Classroom Headphones Bulk Student Headphones Wired Class Headphones Set for Kids School with Individually Wrapped Adjustable Over Ear Head Earbuds (Black),43.99,https://m.media-amazon.com/images/I/71Uwo3zoBVL._AC_UY218_.jpg
